keyword,language,country,category,confidence,source,added_date
women,unknown,,auto_extracted,proposed,hs_sweep_freq_17,2026-03-18
ugly,unknown,,auto_extracted,proposed,hs_sweep_freq_8,2026-03-18
siaves,unknown,,auto_extracted,proposed,hs_sweep_freq_7,2026-03-18
west,unknown,,auto_extracted,proposed,hs_sweep_freq_7,2026-03-18
group,unknown,,auto_extracted,proposed,hs_sweep_freq_6,2026-03-18
african,unknown,,auto_extracted,proposed,hs_sweep_freq_6,2026-03-18
nigerian,unknown,,auto_extracted,proposed,hs_sweep_freq_6,2026-03-18
black,unknown,,auto_extracted,proposed,hs_sweep_freq_6,2026-03-18
either,unknown,,auto_extracted,proposed,hs_sweep_freq_5,2026-03-18
guys,unknown,,auto_extracted,proposed,hs_sweep_freq_5,2026-03-18
somalitiktok,unknown,,auto_extracted,proposed,hs_sweep_freq_5,2026-03-19
south,unknown,,auto_extracted,proposed,hs_sweep_freq_4,2026-03-19
country,unknown,,auto_extracted,proposed,hs_sweep_freq_4,2026-03-19
justice,unknown,,auto_extracted,proposed,hs_sweep_freq_3,2026-03-19
march,unknown,,auto_extracted,proposed,hs_sweep_freq_3,2026-03-19
immediate,unknown,,auto_extracted,proposed,hs_sweep_freq_3,2026-03-19
announced,unknown,,auto_extracted,proposed,hs_sweep_freq_3,2026-03-19
official,unknown,,auto_extracted,proposed,hs_sweep_freq_3,2026-03-19
including,unknown,,auto_extracted,proposed,hs_sweep_freq_3,2026-03-19
constitutional,unknown,,auto_extracted,proposed,hs_sweep_freq_3,2026-03-19
heavy,unknown,,auto_extracted,proposed,hs_sweep_freq_24,2026-03-19
rainfall,unknown,,auto_extracted,proposed,hs_sweep_freq_23,2026-03-19
several,unknown,,auto_extracted,proposed,hs_sweep_freq_21,2026-03-19
across,unknown,,auto_extracted,proposed,hs_sweep_freq_19,2026-03-19
parts,unknown,,auto_extracted,proposed,hs_sweep_freq_18,2026-03-19
expected,unknown,,auto_extracted,proposed,hs_sweep_freq_17,2026-03-19
department,unknown,,auto_extracted,proposed,hs_sweep_freq_17,2026-03-19
meteorological,unknown,,auto_extracted,proposed,hs_sweep_freq_13,2026-03-19
peak,unknown,,auto_extracted,proposed,hs_sweep_freq_12,2026-03-19
issued,unknown,,auto_extracted,proposed,hs_sweep_freq_12,2026-03-19
state,unknown,,auto_extracted,proposed,hs_sweep_freq_9,2026-03-20
president,unknown,,auto_extracted,proposed,hs_sweep_freq_9,2026-03-20
opposition,unknown,,auto_extracted,proposed,hs_sweep_freq_8,2026-03-20
talks,unknown,,auto_extracted,proposed,hs_sweep_freq_8,2026-03-20
support,unknown,,auto_extracted,proposed,hs_sweep_freq_8,2026-03-20
elections,unknown,,auto_extracted,proposed,hs_sweep_freq_8,2026-03-20
sudan,unknown,,auto_extracted,proposed,hs_sweep_freq_8,2026-03-20
federal,unknown,,auto_extracted,proposed,hs_sweep_freq_7,2026-03-20
ties,unknown,,auto_extracted,proposed,hs_sweep_freq_7,2026-03-20
security,unknown,,auto_extracted,proposed,hs_sweep_freq_7,2026-03-20
regions,unknown,,auto_extracted,proposed,hs_sweep_freq_10,2026-03-22
county,unknown,,auto_extracted,proposed,hs_sweep_freq_9,2026-03-22
flood,unknown,,auto_extracted,proposed,hs_sweep_freq_8,2026-03-22
health,unknown,,auto_extracted,proposed,hs_sweep_freq_8,2026-03-22
public,unknown,,auto_extracted,proposed,hs_sweep_freq_8,2026-03-22
news,unknown,,auto_extracted,proposed,hs_sweep_freq_7,2026-03-22
police,unknown,,auto_extracted,proposed,hs_sweep_freq_7,2026-03-22
daily,unknown,,auto_extracted,proposed,hs_sweep_freq_7,2026-03-22
operations,unknown,,auto_extracted,proposed,hs_sweep_freq_7,2026-03-22
weather,unknown,,auto_extracted,proposed,hs_sweep_freq_7,2026-03-22
leader,unknown,,auto_extracted,proposed,hs_sweep_freq_7,2026-03-23
action,unknown,,auto_extracted,proposed,hs_sweep_freq_6,2026-03-23
under,unknown,,auto_extracted,proposed,hs_sweep_freq_5,2026-03-23
government,unknown,,auto_extracted,proposed,hs_sweep_freq_5,2026-03-23
remains,unknown,,auto_extracted,proposed,hs_sweep_freq_5,2026-03-23
workers,unknown,,auto_extracted,proposed,hs_sweep_freq_5,2026-03-23
against,unknown,,auto_extracted,proposed,hs_sweep_freq_5,2026-03-23
kenyans,unknown,,auto_extracted,proposed,hs_sweep_freq_5,2026-03-23
called,unknown,,auto_extracted,proposed,hs_sweep_freq_4,2026-03-23
africa,unknown,,auto_extracted,proposed,hs_sweep_freq_4,2026-03-23
were,unknown,,auto_extracted,proposed,hs_sweep_freq_5,2026-03-23
made,unknown,,auto_extracted,proposed,hs_sweep_freq_4,2026-03-23
while,unknown,,auto_extracted,proposed,hs_sweep_freq_4,2026-03-23
calling,unknown,,auto_extracted,proposed,hs_sweep_freq_4,2026-03-23
urges,unknown,,auto_extracted,proposed,hs_sweep_freq_4,2026-03-23
peace,unknown,,auto_extracted,proposed,hs_sweep_freq_4,2026-03-23
among,unknown,,auto_extracted,proposed,hs_sweep_freq_4,2026-03-23
amid,unknown,,auto_extracted,proposed,hs_sweep_freq_4,2026-03-23
ahead,unknown,,auto_extracted,proposed,hs_sweep_freq_4,2026-03-23
reported,unknown,,auto_extracted,proposed,hs_sweep_freq_4,2026-03-23
mainaandkingangi,unknown,,auto_extracted,proposed,hs_sweep_freq_11,2026-03-24
areas,unknown,,auto_extracted,proposed,hs_sweep_freq_9,2026-03-24
reduce,unknown,,auto_extracted,proposed,hs_sweep_freq_8,2026-03-24
continue,unknown,,auto_extracted,proposed,hs_sweep_freq_8,2026-03-24
governor,unknown,,auto_extracted,proposed,hs_sweep_freq_8,2026-03-24
north,unknown,,auto_extracted,proposed,hs_sweep_freq_7,2026-03-24
weekly,unknown,,auto_extracted,proposed,hs_sweep_freq_6,2026-03-24
week,unknown,,auto_extracted,proposed,hs_sweep_freq_6,2026-03-24
amounts,unknown,,auto_extracted,proposed,hs_sweep_freq_6,2026-03-24
forecast,unknown,,auto_extracted,proposed,hs_sweep_freq_6,2026-03-24
southsudan,unknown,,auto_extracted,proposed,hs_sweep_freq_9,2026-03-24
national,unknown,,auto_extracted,proposed,hs_sweep_freq_8,2026-03-24
unity,unknown,,auto_extracted,proposed,hs_sweep_freq_8,2026-03-24
monytuil,unknown,,auto_extracted,proposed,hs_sweep_freq_7,2026-03-24
nguen,unknown,,auto_extracted,proposed,hs_sweep_freq_6,2026-03-24
joseph,unknown,,auto_extracted,proposed,hs_sweep_freq_6,2026-03-24
risk,unknown,,auto_extracted,proposed,hs_sweep_freq_5,2026-03-24
though,unknown,,auto_extracted,proposed,hs_sweep_freq_5,2026-03-24
progresses,unknown,,auto_extracted,proposed,hs_sweep_freq_5,2026-03-24
western,unknown,,auto_extracted,proposed,hs_sweep_freq_5,2026-03-24
counter,unknown,,auto_extracted,proposed,hs_sweep_freq_6,2026-03-25
morning,unknown,,auto_extracted,proposed,hs_sweep_freq_6,2026-03-25
forces,unknown,,auto_extracted,proposed,hs_sweep_freq_6,2026-03-25
media,unknown,,auto_extracted,proposed,hs_sweep_freq_5,2026-03-25
ongoing,unknown,,auto_extracted,proposed,hs_sweep_freq_5,2026-03-25
mohamed,unknown,,auto_extracted,proposed,hs_sweep_freq_5,2026-03-25
good,unknown,,auto_extracted,proposed,hs_sweep_freq_4,2026-03-25
photos,unknown,,auto_extracted,proposed,hs_sweep_freq_4,2026-03-25
point,unknown,,auto_extracted,proposed,hs_sweep_freq_4,2026-03-25
cannot,unknown,,auto_extracted,proposed,hs_sweep_freq_4,2026-03-25
likely,unknown,,auto_extracted,proposed,hs_sweep_freq_5,2026-03-25
riek,unknown,,auto_extracted,proposed,hs_sweep_freq_5,2026-03-25
first,unknown,,auto_extracted,proposed,hs_sweep_freq_5,2026-03-25
minister,unknown,,auto_extracted,proposed,hs_sweep_freq_5,2026-03-25
vice,unknown,,auto_extracted,proposed,hs_sweep_freq_5,2026-03-25
following,unknown,,auto_extracted,proposed,hs_sweep_freq_4,2026-03-25
outlook,unknown,,auto_extracted,proposed,hs_sweep_freq_4,2026-03-25
trend,unknown,,auto_extracted,proposed,hs_sweep_freq_4,2026-03-25
temperature,unknown,,auto_extracted,proposed,hs_sweep_freq_4,2026-03-25
coast,unknown,,auto_extracted,proposed,hs_sweep_freq_4,2026-03-25
somalis,unknown,,auto_extracted,proposed,hs_sweep_freq_8,2026-03-26
weekend,unknown,,auto_extracted,proposed,hs_sweep_freq_7,2026-03-26
africans,unknown,,auto_extracted,proposed,hs_sweep_freq_6,2026-03-26
june,unknown,,auto_extracted,proposed,hs_sweep_freq_6,2026-03-26
must,unknown,,auto_extracted,proposed,hs_sweep_freq_6,2026-03-26
movement,unknown,,auto_extracted,proposed,hs_sweep_freq_6,2026-03-26
crushed,unknown,,auto_extracted,proposed,hs_sweep_freq_5,2026-03-26
control,unknown,,auto_extracted,proposed,hs_sweep_freq_5,2026-03-26
created,unknown,,auto_extracted,proposed,hs_sweep_freq_5,2026-03-26
popular,unknown,,auto_extracted,proposed,hs_sweep_freq_5,2026-03-26
around,unknown,,auto_extracted,proposed,hs_sweep_freq_5,2026-03-26
woman,unknown,,auto_extracted,proposed,hs_sweep_freq_5,2026-03-26
system,unknown,,auto_extracted,proposed,hs_sweep_freq_5,2026-03-26
toward,unknown,,auto_extracted,proposed,hs_sweep_freq_5,2026-03-26
affairs,unknown,,auto_extracted,proposed,hs_sweep_freq_5,2026-03-26
salons,unknown,,auto_extracted,proposed,hs_sweep_freq_4,2026-03-26
listening,unknown,,auto_extracted,proposed,hs_sweep_freq_4,2026-03-26
ears,unknown,,auto_extracted,proposed,hs_sweep_freq_4,2026-03-26
cosmetics,unknown,,auto_extracted,proposed,hs_sweep_freq_4,2026-03-26
seeing,unknown,,auto_extracted,proposed,hs_sweep_freq_4,2026-03-26
isiolo,unknown,,auto_extracted,proposed,hs_sweep_freq_18,2026-03-27
laikipia,unknown,,auto_extracted,proposed,hs_sweep_freq_18,2026-03-27
dangerous,unknown,,auto_extracted,proposed,hs_sweep_freq_18,2026-03-27
murkomen,unknown,,auto_extracted,proposed,hs_sweep_freq_17,2026-03-27
disturbed,unknown,,auto_extracted,proposed,hs_sweep_freq_17,2026-03-27
days,unknown,,auto_extracted,proposed,hs_sweep_freq_11,2026-03-27
counties,unknown,,auto_extracted,proposed,hs_sweep_freq_11,2026-03-27
interior,unknown,,auto_extracted,proposed,hs_sweep_freq_11,2026-03-27
declares,unknown,,auto_extracted,proposed,hs_sweep_freq_10,2026-03-27
kipchumba,unknown,,auto_extracted,proposed,hs_sweep_freq_9,2026-03-27
dirty,unknown,,auto_extracted,proposed,hs_sweep_freq_18,2026-03-27
siave,unknown,,auto_extracted,proposed,hs_sweep_freq_13,2026-03-27
core,unknown,,auto_extracted,proposed,hs_sweep_freq_10,2026-03-27
fucking,unknown,,auto_extracted,proposed,hs_sweep_freq_10,2026-03-27
adoon,unknown,,auto_extracted,proposed,hs_sweep_freq_10,2026-03-27
ensiaved,unknown,,auto_extracted,proposed,hs_sweep_freq_9,2026-03-27
army,unknown,,auto_extracted,proposed,hs_sweep_freq_9,2026-03-27
operation,unknown,,auto_extracted,proposed,hs_sweep_freq_9,2026-03-27
comments,unknown,,auto_extracted,proposed,hs_sweep_freq_8,2026-03-27
glad,unknown,,auto_extracted,proposed,hs_sweep_freq_7,2026-03-27
tasis,unknown,,auto_extracted,proposed,hs_sweep_freq_9,2026-03-28
alliance,unknown,,auto_extracted,proposed,hs_sweep_freq_8,2026-03-28
year,unknown,,auto_extracted,proposed,hs_sweep_freq_6,2026-03-28
today,unknown,,auto_extracted,proposed,hs_sweep_freq_5,2026-03-28
ministry,unknown,,auto_extracted,proposed,hs_sweep_freq_5,2026-03-28
thursday,unknown,,auto_extracted,proposed,hs_sweep_freq_5,2026-03-28
without,unknown,,auto_extracted,proposed,hs_sweep_freq_4,2026-03-28
east,unknown,,auto_extracted,proposed,hs_sweep_freq_4,2026-03-28
community,unknown,,auto_extracted,proposed,hs_sweep_freq_4,2026-03-28
attack,unknown,,auto_extracted,proposed,hs_sweep_freq_4,2026-03-28
muslim,unknown,,auto_extracted,proposed,hs_sweep_freq_5,2026-03-28
united,unknown,,auto_extracted,proposed,hs_sweep_freq_4,2026-03-28
crying,unknown,,auto_extracted,proposed,hs_sweep_freq_4,2026-03-28
qabiil,unknown,,auto_extracted,proposed,hs_sweep_freq_4,2026-03-28
within,unknown,,auto_extracted,proposed,hs_sweep_freq_4,2026-03-28
individuals,unknown,,auto_extracted,proposed,hs_sweep_freq_4,2026-03-28
taban,unknown,,auto_extracted,proposed,hs_sweep_freq_4,2026-03-28
militias,unknown,,auto_extracted,proposed,hs_sweep_freq_4,2026-03-28
terrorist,unknown,,auto_extracted,proposed,hs_sweep_freq_4,2026-03-28
hate,unknown,,auto_extracted,proposed,hs_sweep_freq_3,2026-03-28
court,unknown,,auto_extracted,proposed,hs_sweep_freq_5,2026-03-29
tinubu,unknown,,auto_extracted,proposed,hs_sweep_freq_5,2026-03-29
passed,unknown,,auto_extracted,proposed,hs_sweep_freq_5,2026-03-29
fighters,unknown,,auto_extracted,proposed,hs_sweep_freq_5,2026-03-29
iswap,unknown,,auto_extracted,proposed,hs_sweep_freq_5,2026-03-29
borno,unknown,,auto_extracted,proposed,hs_sweep_freq_5,2026-03-29
rapid,unknown,,auto_extracted,proposed,hs_sweep_freq_5,2026-03-29
salva,unknown,,auto_extracted,proposed,hs_sweep_freq_5,2026-03-29
nothing,unknown,,auto_extracted,proposed,hs_sweep_freq_4,2026-03-29
picture,unknown,,auto_extracted,proposed,hs_sweep_freq_4,2026-03-29
infrastructure,unknown,,auto_extracted,proposed,hs_sweep_freq_7,2026-03-29
humanitarian,unknown,,auto_extracted,proposed,hs_sweep_freq_6,2026-03-29
darfur,unknown,,auto_extracted,proposed,hs_sweep_freq_6,2026-03-29
rights,unknown,,auto_extracted,proposed,hs_sweep_freq_5,2026-03-29
armed,unknown,,auto_extracted,proposed,hs_sweep_freq_5,2026-03-29
multiple,unknown,,auto_extracted,proposed,hs_sweep_freq_5,2026-03-29
january,unknown,,auto_extracted,proposed,hs_sweep_freq_5,2026-03-29
targeting,unknown,,auto_extracted,proposed,hs_sweep_freq_5,2026-03-29
picked,unknown,,auto_extracted,proposed,hs_sweep_freq_4,2026-03-29
city,unknown,,auto_extracted,proposed,hs_sweep_freq_4,2026-03-29
world,unknown,,auto_extracted,proposed,hs_sweep_freq_8,2026-03-30
april,unknown,,auto_extracted,proposed,hs_sweep_freq_7,2026-03-30
jareers,unknown,,auto_extracted,proposed,hs_sweep_freq_6,2026-03-30
clan,unknown,,auto_extracted,proposed,hs_sweep_freq_6,2026-03-30
abgaals,unknown,,auto_extracted,proposed,hs_sweep_freq_6,2026-03-30
brought,unknown,,auto_extracted,proposed,hs_sweep_freq_6,2026-03-30
influenced,unknown,,auto_extracted,proposed,hs_sweep_freq_6,2026-03-30
known,unknown,,auto_extracted,proposed,hs_sweep_freq_6,2026-03-30
three,unknown,,auto_extracted,proposed,hs_sweep_freq_5,2026-03-30
slavery,unknown,,auto_extracted,proposed,hs_sweep_freq_5,2026-03-30
years,unknown,,auto_extracted,proposed,hs_sweep_freq_8,2026-04-16
crisis,unknown,,auto_extracted,proposed,hs_sweep_freq_8,2026-04-16
burhan,unknown,,auto_extracted,proposed,hs_sweep_freq_7,2026-04-16
authority,unknown,,auto_extracted,proposed,hs_sweep_freq_6,2026-04-16
general,unknown,,auto_extracted,proposed,hs_sweep_freq_6,2026-04-16
political,unknown,,auto_extracted,proposed,hs_sweep_freq_6,2026-04-16
civil,unknown,,auto_extracted,proposed,hs_sweep_freq_6,2026-04-16
since,unknown,,auto_extracted,proposed,hs_sweep_freq_5,2026-04-16
institution,unknown,,auto_extracted,proposed,hs_sweep_freq_5,2026-04-16
power,unknown,,auto_extracted,proposed,hs_sweep_freq_5,2026-04-16
conflict,unknown,,auto_extracted,proposed,hs_sweep_freq_13,2026-04-16
military,unknown,,auto_extracted,proposed,hs_sweep_freq_12,2026-04-16
independence,unknown,,auto_extracted,proposed,hs_sweep_freq_12,2026-04-16
young,unknown,,auto_extracted,proposed,hs_sweep_freq_12,2026-04-16
long,unknown,,auto_extracted,proposed,hs_sweep_freq_11,2026-04-16
million,unknown,,auto_extracted,proposed,hs_sweep_freq_11,2026-04-16
last,unknown,,auto_extracted,proposed,hs_sweep_freq_10,2026-04-16
began,unknown,,auto_extracted,proposed,hs_sweep_freq_10,2026-04-16
months,unknown,,auto_extracted,proposed,hs_sweep_freq_9,2026-04-16
region,unknown,,auto_extracted,proposed,hs_sweep_freq_9,2026-04-16
leadership,unknown,,auto_extracted,proposed,hs_sweep_freq_10,2026-04-17
food,unknown,,auto_extracted,proposed,hs_sweep_freq_8,2026-04-17
struggle,unknown,,auto_extracted,proposed,hs_sweep_freq_7,2026-04-17
displaced,unknown,,auto_extracted,proposed,hs_sweep_freq_7,2026-04-17
civilians,unknown,,auto_extracted,proposed,hs_sweep_freq_7,2026-04-17
fighting,unknown,,auto_extracted,proposed,hs_sweep_freq_7,2026-04-17
mata,unknown,,auto_extracted,proposed,hs_sweep_freq_7,2026-04-17
jenoside,unknown,,auto_extracted,proposed,hs_sweep_freq_7,2026-04-17
bihutishe,unknown,,auto_extracted,proposed,hs_sweep_freq_7,2026-04-17
hashyizweho,unknown,,auto_extracted,proposed,hs_sweep_freq_7,2026-04-17
uhuru,unknown,,auto_extracted,proposed,hs_sweep_freq_9,2026-04-17
kibaki,unknown,,auto_extracted,proposed,hs_sweep_freq_8,2026-04-17
republic,unknown,,auto_extracted,proposed,hs_sweep_freq_7,2026-04-17
communities,unknown,,auto_extracted,proposed,hs_sweep_freq_7,2026-04-17
kikuyus,unknown,,auto_extracted,proposed,hs_sweep_freq_7,2026-04-17
kenyatta,unknown,,auto_extracted,proposed,hs_sweep_freq_7,2026-04-17
white,unknown,,auto_extracted,proposed,hs_sweep_freq_6,2026-04-17
watu,unknown,,auto_extracted,proposed,hs_sweep_freq_6,2026-04-17
authorities,unknown,,auto_extracted,proposed,hs_sweep_freq_6,2026-04-17
received,unknown,,auto_extracted,proposed,hs_sweep_freq_6,2026-04-17
sovereignty,unknown,,auto_extracted,proposed,hs_sweep_freq_12,2026-04-18
leaders,unknown,,auto_extracted,proposed,hs_sweep_freq_10,2026-04-18
corruption,unknown,,auto_extracted,proposed,hs_sweep_freq_9,2026-04-18
nation,unknown,,auto_extracted,proposed,hs_sweep_freq_8,2026-04-18
children,unknown,,auto_extracted,proposed,hs_sweep_freq_8,2026-04-18
foreign,unknown,,auto_extracted,proposed,hs_sweep_freq_8,2026-04-18
life,unknown,,auto_extracted,proposed,hs_sweep_freq_7,2026-04-18
having,unknown,,auto_extracted,proposed,hs_sweep_freq_6,2026-04-18
part,unknown,,auto_extracted,proposed,hs_sweep_freq_6,2026-04-18
right,unknown,,auto_extracted,proposed,hs_sweep_freq_6,2026-04-18
unmiss,unknown,,auto_extracted,proposed,hs_sweep_freq_11,2026-04-18
international,unknown,,auto_extracted,proposed,hs_sweep_freq_9,2026-04-18
investinpeace,unknown,,auto_extracted,proposed,hs_sweep_freq_9,2026-04-18
land,unknown,,auto_extracted,proposed,hs_sweep_freq_8,2026-04-18
srsg,unknown,,auto_extracted,proposed,hs_sweep_freq_8,2026-04-18
situation,unknown,,auto_extracted,proposed,hs_sweep_freq_8,2026-04-18
used,unknown,,auto_extracted,proposed,hs_sweep_freq_7,2026-04-18
early,unknown,,auto_extracted,proposed,hs_sweep_freq_7,2026-04-18
full,unknown,,auto_extracted,proposed,hs_sweep_freq_7,2026-04-18
lives,unknown,,auto_extracted,proposed,hs_sweep_freq_6,2026-04-18
council,unknown,,auto_extracted,proposed,hs_sweep_freq_36,2026-04-19
activities,unknown,,auto_extracted,proposed,hs_sweep_freq_31,2026-04-19
israel,unknown,,auto_extracted,proposed,hs_sweep_freq_12,2026-04-19
countries,unknown,,auto_extracted,proposed,hs_sweep_freq_12,2026-04-19
violence,unknown,,auto_extracted,proposed,hs_sweep_freq_12,2026-04-19
gbeho,unknown,,auto_extracted,proposed,hs_sweep_freq_12,2026-04-19
protection,unknown,,auto_extracted,proposed,hs_sweep_freq_11,2026-04-19
anita,unknown,,auto_extracted,proposed,hs_sweep_freq_11,2026-04-19
kiki,unknown,,auto_extracted,proposed,hs_sweep_freq_11,2026-04-19
real,unknown,,auto_extracted,proposed,hs_sweep_freq_10,2026-04-19
forging,unknown,,auto_extracted,proposed,hs_sweep_freq_10,2026-04-20
gokthisweek,unknown,,auto_extracted,proposed,hs_sweep_freq_10,2026-04-20
onwards,unknown,,auto_extracted,proposed,hs_sweep_freq_10,2026-04-20
stop,unknown,,auto_extracted,proposed,hs_sweep_freq_9,2026-04-20
live,unknown,,auto_extracted,proposed,hs_sweep_freq_9,2026-04-20
love,unknown,,auto_extracted,proposed,hs_sweep_freq_8,2026-04-20
history,unknown,,auto_extracted,proposed,hs_sweep_freq_8,2026-04-20
respect,unknown,,auto_extracted,proposed,hs_sweep_freq_7,2026-04-20
important,unknown,,auto_extracted,proposed,hs_sweep_freq_7,2026-04-20
words,unknown,,auto_extracted,proposed,hs_sweep_freq_7,2026-04-20
birth,unknown,,auto_extracted,proposed,hs_sweep_freq_14,2026-04-20
date,unknown,,auto_extracted,proposed,hs_sweep_freq_13,2026-04-20
battalion,unknown,,auto_extracted,proposed,hs_sweep_freq_13,2026-04-20
brigade,unknown,,auto_extracted,proposed,hs_sweep_freq_13,2026-04-20
rank,unknown,,auto_extracted,proposed,hs_sweep_freq_12,2026-04-20
return,unknown,,auto_extracted,proposed,hs_sweep_freq_12,2026-04-20
martyrdom,unknown,,auto_extracted,proposed,hs_sweep_freq_12,2026-04-20
killed,unknown,,auto_extracted,proposed,hs_sweep_freq_12,2026-04-20
moons,unknown,,auto_extracted,proposed,hs_sweep_freq_12,2026-04-20
belong,unknown,,auto_extracted,proposed,hs_sweep_freq_12,2026-04-20
coup,unknown,,auto_extracted,proposed,hs_sweep_freq_9,2026-04-21
stated,unknown,,auto_extracted,proposed,hs_sweep_freq_9,2026-04-21
true,unknown,,auto_extracted,proposed,hs_sweep_freq_8,2026-04-21
second,unknown,,auto_extracted,proposed,hs_sweep_freq_8,2026-04-21
arab,unknown,,auto_extracted,proposed,hs_sweep_freq_8,2026-04-21
using,unknown,,auto_extracted,proposed,hs_sweep_freq_8,2026-04-21
money,unknown,,auto_extracted,proposed,hs_sweep_freq_7,2026-04-21
present,unknown,,auto_extracted,proposed,hs_sweep_freq_7,2026-04-21
resources,unknown,,auto_extracted,proposed,hs_sweep_freq_7,2026-04-21
committed,unknown,,auto_extracted,proposed,hs_sweep_freq_7,2026-04-21
population,unknown,,auto_extracted,proposed,hs_sweep_freq_11,2026-04-21
nations,unknown,,auto_extracted,proposed,hs_sweep_freq_9,2026-04-21
blue,unknown,,auto_extracted,proposed,hs_sweep_freq_8,2026-04-21
nile,unknown,,auto_extracted,proposed,hs_sweep_freq_8,2026-04-21
another,unknown,,auto_extracted,proposed,hs_sweep_freq_8,2026-04-21
famine,unknown,,auto_extracted,proposed,hs_sweep_freq_8,2026-04-21
killing,unknown,,auto_extracted,proposed,hs_sweep_freq_8,2026-04-21
better,unknown,,auto_extracted,proposed,hs_sweep_freq_8,2026-04-21
based,unknown,,auto_extracted,proposed,hs_sweep_freq_7,2026-04-21
data,unknown,,auto_extracted,proposed,hs_sweep_freq_7,2026-04-21
almost,unknown,,auto_extracted,proposed,hs_sweep_freq_12,2026-04-22
later,unknown,,auto_extracted,proposed,hs_sweep_freq_11,2026-04-22
uganda,unknown,,auto_extracted,proposed,hs_sweep_freq_10,2026-04-22
family,unknown,,auto_extracted,proposed,hs_sweep_freq_10,2026-04-22
lies,unknown,,auto_extracted,proposed,hs_sweep_freq_9,2026-04-22
shared,unknown,,auto_extracted,proposed,hs_sweep_freq_9,2026-04-22
sense,unknown,,auto_extracted,proposed,hs_sweep_freq_9,2026-04-22
class,unknown,,auto_extracted,proposed,hs_sweep_freq_9,2026-04-22
near,unknown,,auto_extracted,proposed,hs_sweep_freq_9,2026-04-22
story,unknown,,auto_extracted,proposed,hs_sweep_freq_9,2026-04-22
came,unknown,,auto_extracted,proposed,hs_sweep_freq_10,2026-04-22
home,unknown,,auto_extracted,proposed,hs_sweep_freq_10,2026-04-22
away,unknown,,auto_extracted,proposed,hs_sweep_freq_9,2026-04-22
dead,unknown,,auto_extracted,proposed,hs_sweep_freq_9,2026-04-22
rather,unknown,,auto_extracted,proposed,hs_sweep_freq_8,2026-04-22
allah,unknown,,auto_extracted,proposed,hs_sweep_freq_8,2026-04-22
battle,unknown,,auto_extracted,proposed,hs_sweep_freq_8,2026-04-22
didn,unknown,,auto_extracted,proposed,hs_sweep_freq_8,2026-04-22
road,unknown,,auto_extracted,proposed,hs_sweep_freq_8,2026-04-22
took,unknown,,auto_extracted,proposed,hs_sweep_freq_8,2026-04-22
living,unknown,,auto_extracted,proposed,hs_sweep_freq_12,2026-04-23
term,unknown,,auto_extracted,proposed,hs_sweep_freq_9,2026-04-23
help,unknown,,auto_extracted,proposed,hs_sweep_freq_8,2026-04-23
citizens,unknown,,auto_extracted,proposed,hs_sweep_freq_7,2026-04-23
rest,unknown,,auto_extracted,proposed,hs_sweep_freq_7,2026-04-23
looting,unknown,,auto_extracted,proposed,hs_sweep_freq_6,2026-04-23
bird,unknown,,auto_extracted,proposed,hs_sweep_freq_6,2026-04-23
kwanzaa,unknown,,auto_extracted,proposed,hs_sweep_freq_6,2026-04-23
secure,unknown,,auto_extracted,proposed,hs_sweep_freq_6,2026-04-23
kadodikarnival,unknown,,auto_extracted,proposed,hs_sweep_freq_6,2026-04-23
guul,unknown,,auto_extracted,proposed,hs_sweep_freq_7,2026-04-23
samo,unknown,,auto_extracted,proposed,hs_sweep_freq_7,2026-04-23
waar,unknown,,auto_extracted,proposed,hs_sweep_freq_7,2026-04-23
gobanimo,unknown,,auto_extracted,proposed,hs_sweep_freq_7,2026-04-23
high,unknown,,auto_extracted,proposed,hs_sweep_freq_7,2026-04-23
place,unknown,,auto_extracted,proposed,hs_sweep_freq_6,2026-04-23
remain,unknown,,auto_extracted,proposed,hs_sweep_freq_6,2026-04-23
december,unknown,,auto_extracted,proposed,hs_sweep_freq_6,2026-04-23
ssox,unknown,,auto_extracted,proposed,hs_sweep_freq_6,2026-04-23
lagu,unknown,,auto_extracted,proposed,hs_sweep_freq_6,2026-04-23
until,unknown,,auto_extracted,proposed,hs_sweep_freq_9,2026-04-24
william,unknown,,auto_extracted,proposed,hs_sweep_freq_9,2026-04-24
murang,unknown,,auto_extracted,proposed,hs_sweep_freq_8,2026-04-24
next,unknown,,auto_extracted,proposed,hs_sweep_freq_8,2026-04-24
left,unknown,,auto_extracted,proposed,hs_sweep_freq_7,2026-04-24
mother,unknown,,auto_extracted,proposed,hs_sweep_freq_7,2026-04-24
everything,unknown,,auto_extracted,proposed,hs_sweep_freq_7,2026-04-24
death,unknown,,auto_extracted,proposed,hs_sweep_freq_7,2026-04-24
suffering,unknown,,auto_extracted,proposed,hs_sweep_freq_6,2026-04-24
please,unknown,,auto_extracted,proposed,hs_sweep_freq_6,2026-04-24
waxay,unknown,,auto_extracted,proposed,hs_sweep_freq_11,2026-04-24
happened,unknown,,auto_extracted,proposed,hs_sweep_freq_10,2026-04-24
born,unknown,,auto_extracted,proposed,hs_sweep_freq_10,2026-04-24
thanks,unknown,,auto_extracted,proposed,hs_sweep_freq_10,2026-04-24
everyone,unknown,,auto_extracted,proposed,hs_sweep_freq_9,2026-04-24
ground,unknown,,auto_extracted,proposed,hs_sweep_freq_8,2026-04-24
started,unknown,,auto_extracted,proposed,hs_sweep_freq_8,2026-04-24
market,unknown,,auto_extracted,proposed,hs_sweep_freq_7,2026-04-24
future,unknown,,auto_extracted,proposed,hs_sweep_freq_7,2026-04-24
told,unknown,,auto_extracted,proposed,hs_sweep_freq_7,2026-04-24
